[
  {
    "id": 1,
    "nome": "Giuditta Mayell",
    "departamento": "Product Management",
    "salario": 3533.17
  },
  {
    "id": 2,
    "nome": "Sibyl Agglio",
    "departamento": "Research and Development",
    "salario": 9988.05
  },
  {
    "id": 3,
    "nome": "Kitti O'Daly",
    "departamento": "Human Resources",
    "salario": 9868.15
  },
  {
    "id": 4,
    "nome": "Retha Taunton.",
    "departamento": "Business Development",
    "salario": 3867.2
  },
  {
    "id": 5,
    "nome": "Bertie Colebourn",
    "departamento": "Product Management",
    "salario": 4355.98
  },
  {
    "id": 6,
    "nome": "Bobette Togher",
    "departamento": "Human Resources",
    "salario": 9731.51
  },
  {
    "id": 7,
    "nome": "Ludvig Ovett",
    "departamento": "Support",
    "salario": 9199.6
  },
  {
    "id": 8,
    "nome": "Dynah Smullen",
    "departamento": "Services",
    "salario": 5619.1
  },
  {
    "id": 9,
    "nome": "Norbert Curnok",
    "departamento": "Services",
    "salario": 8501.61
  },
  {
    "id": 10,
    "nome": "Phyllis Hamnet",
    "departamento": "Services",
    "salario": 4591.5
  },
  {
    "id": 11,
    "nome": "Eveleen Easseby",
    "departamento": "Research and Development",
    "salario": 5428.11
  },
  {
    "id": 12,
    "nome": "Gisela Brewster",
    "departamento": "Services",
    "salario": 6019.98
  },
  {
    "id": 13,
    "nome": "Pansy Cescot",
    "departamento": "Business Development",
    "salario": 2264.0
  },
  {
    "id": 14,
    "nome": "Bo Francecione",
    "departamento": "Product Management",
    "salario": 2910.9
  },
  {
    "id": 15,
    "nome": "Ellyn Jacqueme",
    "departamento": "Human Resources",
    "salario": 7039.74
  },
  {
    "id": 16,
    "nome": "Collie Bettesworth",
    "departamento": "Research and Development",
    "salario": 7585.23
  },
  {
    "id": 17,
    "nome": "Evin Egell",
    "departamento": "Legal",
    "salario": 7794.01
  }
]
